{"model": "gpt-3.5-turbo", "dataset": "triviaqa", "metric": "bert_similarity", "temperature": 1.0, "ecc_u_agreement_sd": 1.4105656078038397e-06, "ecc_u_agreement_cma": 0.6824340049150722, "degree_u_agreement_sd": 1.4494214687865923e-06, "degree_u_agreement_cma": 0.7049524956588795, "spectral_u_agreement_sd": 1.4583759207173784e-06, "spectral_u_agreement_cma": 0.7037913255370947, "unnormalized_nll_all_sd": 1.671593269072097e-06, "unnormalized_nll_all_cma": 0.7154142550410314, "entropy_unnormalized_sd": 1.7297550099326162e-06, "entropy_unnormalized_cma": 0.7132064953683874}