{
  "best_method": "degree_u_agreement",
  "best_cma": 0.6814979770643173,
  "second_best_method": "spectral_u_agreement",
  "second_best_cma": 0.6808941455022024,
  "var_best": 1.576680428043554e-06,
  "var_second_best": 1.576780358841504e-06,
  "cov": 1.56998413618923e-06
}