{"model": "gpt-3.5-turbo", "dataset": "squad", "metric": "meteor", "temperature": 1.0, "ecc_u_agreement_sd": 8.827881749671222e-07, "ecc_u_agreement_cid": 0.5298168599621087, "degree_u_agreement_sd": 9.606218206461099e-07, "degree_u_agreement_cid": 0.5449184519362269, "spectral_u_agreement_sd": 9.590578102557098e-07, "spectral_u_agreement_cid": 0.5448221186965813, "unnormalized_nll_all_sd": 9.811270981275808e-07, "unnormalized_nll_all_cid": 0.5810349855764905, "entropy_unnormalized_sd": 9.821394082592515e-07, "entropy_unnormalized_cid": 0.5764979014198227}