{"model": "gpt-3.5-turbo", "dataset": "squad", "metric": "rouge", "temperature": 1.0, "ecc_u_agreement_sd": 8.773194573007802e-07, "ecc_u_agreement_cid": 0.5331185089591596, "degree_u_agreement_sd": 1.0087293683208995e-06, "degree_u_agreement_cid": 0.5526434805980036, "spectral_u_agreement_sd": 9.982373332529923e-07, "spectral_u_agreement_cid": 0.5525638481386829, "unnormalized_nll_all_sd": 1.0186874165095502e-06, "unnormalized_nll_all_cid": 0.6030042897226485, "entropy_unnormalized_sd": 9.997688805534186e-07, "entropy_unnormalized_cid": 0.5953290830472777}