{"model": "gpt-3.5-turbo", "dataset": "triviaqa", "metric": "rouge", "temperature": 1.0, "ecc_u_agreement_sd": 1.7844761139312262e-06, "ecc_u_agreement_cma": 0.7492306443132158, "degree_u_agreement_sd": 1.8548005418719755e-06, "degree_u_agreement_cma": 0.7798165192859878, "spectral_u_agreement_sd": 1.8638784916164304e-06, "spectral_u_agreement_cma": 0.777943799428398, "unnormalized_nll_all_sd": 2.00831088079216e-06, "unnormalized_nll_all_cma": 0.7827953373318437, "entropy_unnormalized_sd": 2.032321796601533e-06, "entropy_unnormalized_cma": 0.7906677591374811}