{"model": "gpt-3.5-turbo", "dataset": "squad", "metric": "meteor", "temperature": 1.0, "ecc_u_agreement_sd": 1.955910035874225e-06, "ecc_u_agreement_cma": 0.5443295775461778, "degree_u_agreement_sd": 2.116801494751142e-06, "degree_u_agreement_cma": 0.5666196711647444, "spectral_u_agreement_sd": 2.1148772199885056e-06, "spectral_u_agreement_cma": 0.5665589874769944, "unnormalized_nll_all_sd": 2.1071470687422924e-06, "unnormalized_nll_all_cma": 0.6181915936782637, "entropy_unnormalized_sd": 2.1272254400020148e-06, "entropy_unnormalized_cma": 0.6122961096491586}