{"model": "gpt-3.5-turbo", "dataset": "nq-open", "metric": "bert_similarity", "temperature": 1.0, "ecc_u_agreement_sd": 3.687270384648866e-06, "ecc_u_agreement_cma": 0.6891113688722198, "degree_u_agreement_sd": 3.4394109625603727e-06, "degree_u_agreement_cma": 0.7645044255678535, "spectral_u_agreement_sd": 3.4448104391454613e-06, "spectral_u_agreement_cma": 0.7645899395001168, "unnormalized_nll_all_sd": 3.5875847302804857e-06, "unnormalized_nll_all_cma": 0.7753270453851948, "entropy_unnormalized_sd": 4.00827714284102e-06, "entropy_unnormalized_cma": 0.7610953994633723}