{"model": "gpt-3.5-turbo", "dataset": "nq-open", "metric": "rouge1", "temperature": 1.0, "ecc_u_agreement_sd": 4.6365022078435504e-06, "ecc_u_agreement_cma": 0.688787485857972, "degree_u_agreement_sd": 4.423396035662495e-06, "degree_u_agreement_cma": 0.7551397551959413, "spectral_u_agreement_sd": 4.43170505193343e-06, "spectral_u_agreement_cma": 0.7550155967587331, "unnormalized_nll_all_sd": 5.103637166203933e-06, "unnormalized_nll_all_cma": 0.7387907477187345, "entropy_unnormalized_sd": 5.236721092236972e-06, "entropy_unnormalized_cma": 0.7518783561369504}