{"model": "gpt-3.5-turbo", "dataset": "triviaqa", "metric": "rouge1", "temperature": 1.0, "ecc_u_agreement_sd": 1.7896429882322722e-06, "ecc_u_agreement_cma": 0.7503316463563363, "degree_u_agreement_sd": 1.8608722104220245e-06, "degree_u_agreement_cma": 0.7809812155782385, "spectral_u_agreement_sd": 1.8699165987402305e-06, "spectral_u_agreement_cma": 0.7791014270938355, "unnormalized_nll_all_sd": 2.030384358313004e-06, "unnormalized_nll_all_cma": 0.7816119701876678, "entropy_unnormalized_sd": 2.0504540490084455e-06, "entropy_unnormalized_cma": 0.7899488288254102}