{
  "best_method": "spectral_u_agreement",
  "best_cma": 0.7169594528355755,
  "second_best_method": "degree_u_agreement",
  "second_best_cma": 0.716433078614254,
  "var_best": 4.658649192627062e-06,
  "var_second_best": 4.654332840100611e-06,
  "cov": 4.536719520630315e-06
}