{"model": "gpt-3.5-turbo", "dataset": "nq-open", "metric": "rouge", "temperature": 1.0, "ecc_u_agreement_sd": 3.0452001653033963e-06, "ecc_u_agreement_cid": 0.6509865991976405, "degree_u_agreement_sd": 3.261118729673212e-06, "degree_u_agreement_cid": 0.7060393958997645, "spectral_u_agreement_sd": 3.269132888229887e-06, "spectral_u_agreement_cid": 0.7064748169578753, "unnormalized_nll_all_sd": 3.71703985162955e-06, "unnormalized_nll_all_cid": 0.6951997683090878, "entropy_unnormalized_sd": 4.018283018402599e-06, "entropy_unnormalized_cid": 0.7083458709180203}