{"model": "gpt-3.5-turbo", "dataset": "nq-open", "metric": "meteor", "temperature": 1.0, "ecc_u_agreement_sd": 2.607901390063025e-06, "ecc_u_agreement_cid": 0.6201128928245223, "degree_u_agreement_sd": 2.892067328491927e-06, "degree_u_agreement_cid": 0.6625231660111248, "spectral_u_agreement_sd": 2.8954673703052203e-06, "spectral_u_agreement_cid": 0.6633002937756377, "unnormalized_nll_all_sd": 3.2062143217167255e-06, "unnormalized_nll_all_cid": 0.637130501189503, "entropy_unnormalized_sd": 3.3327288185877807e-06, "entropy_unnormalized_cid": 0.6572548637486897}