{"model": "gpt-3.5-turbo", "dataset": "nq-open", "metric": "meteor", "temperature": 1.0, "ecc_u_agreement_sd": 4.545616749589009e-06, "ecc_u_agreement_cma": 0.6601731497011505, "degree_u_agreement_sd": 4.654332840100611e-06, "degree_u_agreement_cma": 0.716433078614254, "spectral_u_agreement_sd": 4.658649192627062e-06, "spectral_u_agreement_cma": 0.7169594528355755, "unnormalized_nll_all_sd": 5.310471600367867e-06, "unnormalized_nll_all_cma": 0.6832608427822555, "entropy_unnormalized_sd": 5.36813471561199e-06, "entropy_unnormalized_cma": 0.7073975706896751}