{"model": "gpt-3.5-turbo", "dataset": "squad", "metric": "rouge1", "temperature": 1.0, "ecc_u_agreement_sd": 1.9291436147763814e-06, "ecc_u_agreement_cma": 0.5442038236906257, "degree_u_agreement_sd": 2.167501887813198e-06, "degree_u_agreement_cma": 0.5710555121377552, "spectral_u_agreement_sd": 2.1525923153943435e-06, "spectral_u_agreement_cma": 0.5714325448291749, "unnormalized_nll_all_sd": 2.0796400259056872e-06, "unnormalized_nll_all_cma": 0.639787872663552, "entropy_unnormalized_sd": 2.0901489094828905e-06, "entropy_unnormalized_cma": 0.6292246528230406}