{"model": "gpt-3.5-turbo", "dataset": "nq-open", "metric": "rouge", "temperature": 1.0, "ecc_u_agreement_sd": 4.635042434219246e-06, "ecc_u_agreement_cma": 0.6886622594322637, "degree_u_agreement_sd": 4.418299894104434e-06, "degree_u_agreement_cma": 0.7549812870280158, "spectral_u_agreement_sd": 4.427523443990342e-06, "spectral_u_agreement_cma": 0.7548680678444983, "unnormalized_nll_all_sd": 5.092735273144761e-06, "unnormalized_nll_all_cma": 0.7389682799121327, "entropy_unnormalized_sd": 5.245214145526814e-06, "entropy_unnormalized_cma": 0.7517760588617552}