{"model": "gpt-3.5-turbo", "dataset": "squad", "metric": "rouge", "temperature": 1.0, "ecc_u_agreement_sd": 1.9237515335563596e-06, "ecc_u_agreement_cma": 0.5487259300158387, "degree_u_agreement_sd": 2.160843941263252e-06, "degree_u_agreement_cma": 0.5783903773498347, "spectral_u_agreement_sd": 2.1458281328024314e-06, "spectral_u_agreement_cma": 0.5784070777707816, "unnormalized_nll_all_sd": 2.0401139400361144e-06, "unnormalized_nll_all_cma": 0.6499868863591514, "entropy_unnormalized_sd": 2.0550246203381277e-06, "entropy_unnormalized_cma": 0.639852767007142}