{"model": "gpt-3.5-turbo", "dataset": "triviaqa", "metric": "bert_similarity", "temperature": 1.0, "ecc_u_agreement_sd": 7.557615445778955e-07, "ecc_u_agreement_cid": 0.6302552007058339, "degree_u_agreement_sd": 8.491619400020616e-07, "degree_u_agreement_cid": 0.6473770393807242, "spectral_u_agreement_sd": 8.548809336913786e-07, "spectral_u_agreement_cid": 0.6467750729148463, "unnormalized_nll_all_sd": 1.0244160705495865e-06, "unnormalized_nll_all_cid": 0.6557878325949774, "entropy_unnormalized_sd": 1.0548556391561687e-06, "entropy_unnormalized_cid": 0.6557212817785271}