{"model": "gpt-3.5-turbo", "dataset": "triviaqa", "metric": "rouge", "temperature": 1.0, "ecc_u_agreement_sd": 2.907554527499527e-06, "ecc_u_agreement_cid": 0.7188656919129843, "degree_u_agreement_sd": 3.5043163871885537e-06, "degree_u_agreement_cid": 0.7474939696930549, "spectral_u_agreement_sd": 3.5094218052638893e-06, "spectral_u_agreement_cid": 0.7462087435950076, "unnormalized_nll_all_sd": 3.435127430055371e-06, "unnormalized_nll_all_cid": 0.7490805413353033, "entropy_unnormalized_sd": 3.912566198136371e-06, "entropy_unnormalized_cid": 0.7615404870981402}