{"model": "gpt-3.5-turbo", "dataset": "squad", "metric": "bert_similarity", "temperature": 1.0, "ecc_u_agreement_sd": 1.9771950180436063e-06, "ecc_u_agreement_cma": 0.5208482645807314, "degree_u_agreement_sd": 2.1458179081788193e-06, "degree_u_agreement_cma": 0.5314137309267994, "spectral_u_agreement_sd": 2.1160189437931917e-06, "spectral_u_agreement_cma": 0.5331510014911698, "unnormalized_nll_all_sd": 2.24568524880373e-06, "unnormalized_nll_all_cma": 0.5756606940503151, "entropy_unnormalized_sd": 2.202841342280377e-06, "entropy_unnormalized_cma": 0.5616608385925502}