{"model": "gpt-3.5-turbo", "dataset": "triviaqa", "metric": "meteor", "temperature": 1.0, "ecc_u_agreement_sd": 9.85258189372312e-07, "ecc_u_agreement_cid": 0.6257598460419788, "degree_u_agreement_sd": 1.1061255160681225e-06, "degree_u_agreement_cid": 0.6415513518229337, "spectral_u_agreement_sd": 1.1070587442267073e-06, "spectral_u_agreement_cid": 0.6411713726538937, "unnormalized_nll_all_sd": 1.3104601097078021e-06, "unnormalized_nll_all_cid": 0.5896173398813349, "entropy_unnormalized_sd": 1.4297006810866577e-06, "entropy_unnormalized_cid": 0.6107091938394118}