{"model": "gpt-3.5-turbo", "dataset": "nq-open", "metric": "bert_similarity", "temperature": 1.0, "ecc_u_agreement_sd": 1.6850114220453068e-06, "ecc_u_agreement_cid": 0.6267650965838587, "degree_u_agreement_sd": 1.8459619240276966e-06, "degree_u_agreement_cid": 0.6806333953317403, "spectral_u_agreement_sd": 1.845546523842649e-06, "spectral_u_agreement_cid": 0.6808319179671173, "unnormalized_nll_all_sd": 2.0062038770915125e-06, "unnormalized_nll_all_cid": 0.6908806094382518, "entropy_unnormalized_sd": 2.1498170419252476e-06, "entropy_unnormalized_cid": 0.6807717466857834}