{"model": "gpt-3.5-turbo", "dataset": "triviaqa", "metric": "rouge1", "temperature": 1.0, "ecc_u_agreement_sd": 2.9639834893041357e-06, "ecc_u_agreement_cid": 0.720168767149776, "degree_u_agreement_sd": 3.573722375633085e-06, "degree_u_agreement_cid": 0.7488864369073434, "spectral_u_agreement_sd": 3.578983319097924e-06, "spectral_u_agreement_cid": 0.7476020874826397, "unnormalized_nll_all_sd": 3.461816686126446e-06, "unnormalized_nll_all_cid": 0.7481477072423166, "entropy_unnormalized_sd": 3.952240553727908e-06, "entropy_unnormalized_cid": 0.7610171388092584}