{"model": "gpt-3.5-turbo", "dataset": "squad", "metric": "rouge1", "temperature": 1.0, "ecc_u_agreement_sd": 8.794892363727709e-07, "ecc_u_agreement_cid": 0.5300126519787619, "degree_u_agreement_sd": 1.0073637120723294e-06, "degree_u_agreement_cid": 0.547688075742978, "spectral_u_agreement_sd": 9.97193760291068e-07, "spectral_u_agreement_cid": 0.5478585456492805, "unnormalized_nll_all_sd": 1.027006740624329e-06, "unnormalized_nll_all_cid": 0.5958244152797894, "entropy_unnormalized_sd": 1.0062783895579936e-06, "entropy_unnormalized_cid": 0.5879547146784022}