{"model": "gpt-3.5-turbo", "dataset": "squad", "metric": "bert_similarity", "temperature": 1.0, "ecc_u_agreement_sd": 8.765356647164474e-07, "ecc_u_agreement_cid": 0.5138392600044709, "degree_u_agreement_sd": 9.422412086889761e-07, "degree_u_agreement_cid": 0.5206193633011393, "spectral_u_agreement_sd": 9.238800187616496e-07, "spectral_u_agreement_cid": 0.5216799772649054, "unnormalized_nll_all_sd": 1.0102842883876964e-06, "unnormalized_nll_all_cid": 0.5505466243980387, "entropy_unnormalized_sd": 9.670114818210138e-07, "entropy_unnormalized_cid": 0.5409559120360057}