{"model": "gpt-3.5-turbo", "dataset": "nq-open", "metric": "rouge1", "temperature": 1.0, "ecc_u_agreement_sd": 3.0453063319077835e-06, "ecc_u_agreement_cid": 0.65122964817463, "degree_u_agreement_sd": 3.2643705223303264e-06, "degree_u_agreement_cid": 0.7063985785862261, "spectral_u_agreement_sd": 3.2719807916451033e-06, "spectral_u_agreement_cid": 0.706821947999618, "unnormalized_nll_all_sd": 3.713405968039604e-06, "unnormalized_nll_all_cid": 0.695152309287987, "entropy_unnormalized_sd": 4.0027213819564215e-06, "entropy_unnormalized_cid": 0.7084338524559736}