{"model": "gpt-3.5-turbo", "dataset": "triviaqa", "metric": "meteor", "temperature": 1.0, "ecc_u_agreement_sd": 1.5011315965805998e-06, "ecc_u_agreement_cma": 0.6621440148908502, "degree_u_agreement_sd": 1.576680428043554e-06, "degree_u_agreement_cma": 0.6814979770643173, "spectral_u_agreement_sd": 1.576780358841504e-06, "spectral_u_agreement_cma": 0.6808941455022024, "unnormalized_nll_all_sd": 2.1187179522438223e-06, "unnormalized_nll_all_cma": 0.6208093213277609, "entropy_unnormalized_sd": 2.145180948390007e-06, "entropy_unnormalized_cma": 0.6453831013087437}