{"model": "Llama-2-7b-chat-hf", "dataset": "squad", "metric": "rouge1", "temperature": 0.6, "ecc_u_agreement_sd": 2.673451508335289e-06, "ecc_u_agreement_cid": 0.4770028773964317, "degree_u_agreement_sd": 5.6053891530780326e-06, "degree_u_agreement_cid": 0.42966889409316406, "spectral_u_agreement_sd": 5.555652514582063e-06, "spectral_u_agreement_cid": 0.4346605951421299, "unnormalized_nll_all_sd": 6.182115706828163e-06, "unnormalized_nll_all_cid": 0.5552353543889956, "entropy_unnormalized_sd": 5.758883747737109e-06, "entropy_unnormalized_cid": 0.5123127034007673}