{"model": "Llama-2-7b-chat-hf", "dataset": "nq-open", "metric": "bert_similarity", "temperature": 0.6, "ecc_u_agreement_sd": 4.11517184785673e-06, "ecc_u_agreement_cma": 0.6102825872705049, "degree_u_agreement_sd": 5.510040250736502e-06, "degree_u_agreement_cma": 0.6842759957517677, "spectral_u_agreement_sd": 5.470872979585967e-06, "spectral_u_agreement_cma": 0.6861466944077944, "unnormalized_nll_all_sd": 6.861226461072658e-06, "unnormalized_nll_all_cma": 0.5760562150729263, "entropy_unnormalized_sd": 5.531734380028342e-06, "entropy_unnormalized_cma": 0.6734357088441353}