{"model": "Llama-2-7b-hf", "dataset": "squad", "metric": "bert_similarity", "temperature": 0.6, "ecc_u_agreement_sd": 6.157772327901641e-08, "ecc_u_agreement_cid": 0.5069839705933895, "degree_u_agreement_sd": 9.155994799622632e-07, "degree_u_agreement_cid": 0.5837192395585968, "spectral_u_agreement_sd": 9.0779566055479e-07, "spectral_u_agreement_cid": 0.5848885657675907, "unnormalized_nll_all_sd": 9.85191179598657e-07, "unnormalized_nll_all_cid": 0.5708314878053993, "entropy_unnormalized_sd": 1.0681622105027824e-06, "entropy_unnormalized_cid": 0.5202101374830127}