{"model": "Llama-2-7b-chat-hf", "dataset": "nq-open", "metric": "rouge", "temperature": 0.6, "ecc_u_agreement_sd": 6.312168755961167e-06, "ecc_u_agreement_cma": 0.6200356584769363, "degree_u_agreement_sd": 7.330932307753814e-06, "degree_u_agreement_cma": 0.6772084948235462, "spectral_u_agreement_sd": 7.274144483234412e-06, "spectral_u_agreement_cma": 0.6796956834108028, "unnormalized_nll_all_sd": 9.672221830421094e-06, "unnormalized_nll_all_cma": 0.5540236815775903, "entropy_unnormalized_sd": 7.4201445138480734e-06, "entropy_unnormalized_cma": 0.6801710100237364}