{
  "best_method": "entropy_unnormalized",
  "best_cma": 0.6801710100237364,
  "second_best_method": "spectral_u_agreement",
  "second_best_cma": 0.6796956834108028,
  "var_best": 7.4201445138480734e-06,
  "var_second_best": 7.274144483234412e-06,
  "cov": 4.307761980680577e-06
}