{"model": "Llama-2-7b-chat-hf", "dataset": "squad", "metric": "rouge", "temperature": 0.6, "ecc_u_agreement_sd": 2.6745881427148176e-06, "ecc_u_agreement_cid": 0.4770303854092981, "degree_u_agreement_sd": 5.6000135865281705e-06, "degree_u_agreement_cid": 0.4297906856208684, "spectral_u_agreement_sd": 5.549239225657023e-06, "spectral_u_agreement_cid": 0.4347868397296419, "unnormalized_nll_all_sd": 6.1890796693945424e-06, "unnormalized_nll_all_cid": 0.5554045535554407, "entropy_unnormalized_sd": 5.761461965266936e-06, "entropy_unnormalized_cid": 0.512417996809873}