{
  "best_method": "degree_u_agreement",
  "best_cma": 0.7002391281182049,
  "second_best_method": "spectral_u_agreement",
  "second_best_cma": 0.6943571064266089,
  "var_best": 1.7680336702044174e-06,
  "var_second_best": 1.7892523816198692e-06,
  "cov": 1.7539193015895073e-06
}