{"model": "Llama-2-7b-hf", "dataset": "nq-open", "metric": "meteor", "temperature": 0.6, "ecc_u_agreement_sd": 1.26460853862515e-06, "ecc_u_agreement_cid": 0.5183217644353545, "degree_u_agreement_sd": 6.357767011946108e-06, "degree_u_agreement_cid": 0.6101595254453355, "spectral_u_agreement_sd": 6.234307414463884e-06, "spectral_u_agreement_cid": 0.6046559680672309, "unnormalized_nll_all_sd": 6.447922561974632e-06, "unnormalized_nll_all_cid": 0.5177496014151415, "entropy_unnormalized_sd": 6.307362142032201e-06, "entropy_unnormalized_cid": 0.5535156814490139}