{"model": "Llama-2-7b-hf", "dataset": "triviaqa", "metric": "meteor", "temperature": 0.6, "ecc_u_agreement_sd": 2.7154085044187805e-07, "ecc_u_agreement_cma": 0.51511668709321, "degree_u_agreement_sd": 1.954337027199222e-06, "degree_u_agreement_cma": 0.6378240752763927, "spectral_u_agreement_sd": 1.977271031942717e-06, "spectral_u_agreement_cma": 0.6310966455735744, "unnormalized_nll_all_sd": 2.3101263502918403e-06, "unnormalized_nll_all_cma": 0.5291847134660628, "entropy_unnormalized_sd": 1.8715869966578075e-06, "entropy_unnormalized_cma": 0.6527172305223344}