{"model": "Llama-2-7b-chat-hf", "dataset": "triviaqa", "metric": "rouge", "temperature": 0.6, "ecc_u_agreement_sd": 1.0797760157848285e-06, "ecc_u_agreement_cid": 0.6860578483441432, "degree_u_agreement_sd": 1.110751359011299e-06, "degree_u_agreement_cid": 0.7246435259719153, "spectral_u_agreement_sd": 1.1223985742240584e-06, "spectral_u_agreement_cid": 0.7230187593535906, "unnormalized_nll_all_sd": 1.210476705734499e-06, "unnormalized_nll_all_cid": 0.7102717226729712, "entropy_unnormalized_sd": 1.2884503704263885e-06, "entropy_unnormalized_cid": 0.7386144132689317}