{"model": "Llama-2-7b-hf", "dataset": "nq-open", "metric": "rouge1", "temperature": 0.6, "ecc_u_agreement_sd": 2.327534476887847e-06, "ecc_u_agreement_cma": 0.530010383859695, "degree_u_agreement_sd": 8.089533522695244e-06, "degree_u_agreement_cma": 0.6557502071342757, "spectral_u_agreement_sd": 8.10299590906873e-06, "spectral_u_agreement_cma": 0.6493068733672028, "unnormalized_nll_all_sd": 9.61335282475123e-06, "unnormalized_nll_all_cma": 0.5277324437750329, "entropy_unnormalized_sd": 9.0213102400625e-06, "entropy_unnormalized_cma": 0.5781084873888909}