{"model": "Llama-2-7b-chat-hf", "dataset": "squad", "metric": "bert_similarity", "temperature": 0.6, "ecc_u_agreement_sd": 1.2883347541142072e-06, "ecc_u_agreement_cma": 0.5474244150620478, "degree_u_agreement_sd": 2.242093268498862e-06, "degree_u_agreement_cma": 0.5782982387144873, "spectral_u_agreement_sd": 2.2205877281390726e-06, "spectral_u_agreement_cma": 0.5839581450116331, "unnormalized_nll_all_sd": 2.3410380524574767e-06, "unnormalized_nll_all_cma": 0.6136179312995037, "entropy_unnormalized_sd": 2.4311650111874407e-06, "entropy_unnormalized_cma": 0.5860654945801852}