{"model": "Llama-2-7b-hf", "dataset": "squad", "metric": "meteor", "temperature": 0.6, "ecc_u_agreement_sd": 2.964940043395329e-07, "ecc_u_agreement_cma": 0.5035001623395384, "degree_u_agreement_sd": 4.989646031977309e-06, "degree_u_agreement_cma": 0.4578877184821906, "spectral_u_agreement_sd": 4.9974327440951624e-06, "spectral_u_agreement_cma": 0.4576860633200277, "unnormalized_nll_all_sd": 4.843695112332664e-06, "unnormalized_nll_all_cma": 0.4112649112686355, "entropy_unnormalized_sd": 4.950663334529891e-06, "entropy_unnormalized_cma": 0.4425736414793532}