{"model": "Llama-2-7b-chat-hf", "dataset": "nq-open", "metric": "bert_similarity", "temperature": 0.6, "ecc_u_agreement_sd": 1.8670787479585785e-06, "ecc_u_agreement_cid": 0.5740381314409264, "degree_u_agreement_sd": 2.739580799699452e-06, "degree_u_agreement_cid": 0.6260486596283998, "spectral_u_agreement_sd": 2.723796560779724e-06, "spectral_u_agreement_cid": 0.6273783761287931, "unnormalized_nll_all_sd": 3.1397284585377777e-06, "unnormalized_nll_all_cid": 0.5516043948574022, "entropy_unnormalized_sd": 2.6680354276673675e-06, "entropy_unnormalized_cid": 0.6172154211379233}