{"model": "Llama-2-7b-hf", "dataset": "triviaqa", "metric": "bert_similarity", "temperature": 0.6, "ecc_u_agreement_sd": 3.4744628797180824e-07, "ecc_u_agreement_cma": 0.5311295102764471, "degree_u_agreement_sd": 1.5135780094044036e-06, "degree_u_agreement_cma": 0.7181095354321587, "spectral_u_agreement_sd": 1.5044033422365767e-06, "spectral_u_agreement_cma": 0.7149409021301735, "unnormalized_nll_all_sd": 2.1746155727910924e-06, "unnormalized_nll_all_cma": 0.5580096412016211, "entropy_unnormalized_sd": 1.8960887342019792e-06, "entropy_unnormalized_cma": 0.6461834719333883}