{"model": "Llama-2-7b-chat-hf", "dataset": "nq-open", "metric": "rouge1", "temperature": 0.6, "ecc_u_agreement_sd": 5.691732039469504e-06, "ecc_u_agreement_cid": 0.6026190926365762, "degree_u_agreement_sd": 7.952372133270665e-06, "degree_u_agreement_cid": 0.6528248715442981, "spectral_u_agreement_sd": 7.967541873090717e-06, "spectral_u_agreement_cid": 0.6549121232882535, "unnormalized_nll_all_sd": 7.353849077316141e-06, "unnormalized_nll_all_cid": 0.5461955308948727, "entropy_unnormalized_sd": 7.699341698663166e-06, "entropy_unnormalized_cid": 0.6542890925612574}