{
  "best_method": "spectral_u_agreement",
  "best_cma": 0.6262425915597554,
  "second_best_method": "degree_u_agreement",
  "second_best_cma": 0.6244381632703553,
  "var_best": 1.955069818593489e-06,
  "var_second_best": 1.971785993515184e-06,
  "cov": 1.9578716467982157e-06
}