{"model": "Llama-2-7b-hf", "dataset": "nq-open", "metric": "bert_similarity", "temperature": 0.6, "ecc_u_agreement_sd": 6.224407327800849e-07, "ecc_u_agreement_cid": 0.5176644096208635, "degree_u_agreement_sd": 2.8002591678015866e-06, "degree_u_agreement_cid": 0.6036724132173239, "spectral_u_agreement_sd": 2.7895874924088428e-06, "spectral_u_agreement_cid": 0.6015654561958692, "unnormalized_nll_all_sd": 2.942282741512995e-06, "unnormalized_nll_all_cid": 0.5298217030757421, "entropy_unnormalized_sd": 3.029869266678021e-06, "entropy_unnormalized_cid": 0.5434157286488328}