{
  "best_method": "degree_u_agreement",
  "best_cid": 0.6518351135929171,
  "second_best_method": "spectral_u_agreement",
  "second_best_cid": 0.6472223602323475,
  "var_best": 1.108111490216861e-06,
  "var_second_best": 1.1135558545606653e-06,
  "cov": 1.0963044205741712e-06
}