{"model": "Llama-2-7b-hf", "dataset": "triviaqa", "metric": "rouge1", "temperature": 0.6, "ecc_u_agreement_sd": 2.1635160374142178e-07, "ecc_u_agreement_cid": 0.5205355066092577, "degree_u_agreement_sd": 1.1070677563595546e-06, "degree_u_agreement_cid": 0.6520967303835403, "spectral_u_agreement_sd": 1.112764900733316e-06, "spectral_u_agreement_cid": 0.6474405309397042, "unnormalized_nll_all_sd": 1.3999290992223245e-06, "unnormalized_nll_all_cid": 0.5342264346979292, "entropy_unnormalized_sd": 1.0766295629449822e-06, "entropy_unnormalized_cid": 0.6288603505866892}