{"model": "Llama-2-7b-chat-hf", "dataset": "triviaqa", "metric": "bert_similarity", "temperature": 0.6, "ecc_u_agreement_sd": 5.335502248865742e-07, "ecc_u_agreement_cid": 0.6500204265173533, "degree_u_agreement_sd": 5.93417178201618e-07, "degree_u_agreement_cid": 0.6880427118381343, "spectral_u_agreement_sd": 6.02642084622885e-07, "spectral_u_agreement_cid": 0.6874098736982053, "unnormalized_nll_all_sd": 6.416785304390364e-07, "unnormalized_nll_all_cid": 0.6870231408303017, "entropy_unnormalized_sd": 6.635578412118472e-07, "entropy_unnormalized_cid": 0.6941207348570967}