{
  "best_method": "entropy_unnormalized",
  "best_cma": 0.7747933115307586,
  "second_best_method": "degree_u_agreement",
  "second_best_cma": 0.7686665909964234,
  "var_best": 1.1629150269310315e-06,
  "var_second_best": 1.0640869024190463e-06,
  "cov": 8.482053095122157e-07
}