{"model": "Llama-2-7b-hf", "dataset": "squad", "metric": "rouge1", "temperature": 0.6, "ecc_u_agreement_sd": 1.5414500462109342e-07, "ecc_u_agreement_cma": 0.4969965710998664, "degree_u_agreement_sd": 5.676921839905949e-06, "degree_u_agreement_cma": 0.4524442385156386, "spectral_u_agreement_sd": 5.669486111373662e-06, "spectral_u_agreement_cma": 0.4519205989428543, "unnormalized_nll_all_sd": 5.929594457027873e-06, "unnormalized_nll_all_cma": 0.42561866972362317, "entropy_unnormalized_sd": 6.104205546222742e-06, "entropy_unnormalized_cma": 0.45457978906130575}