{
  "best_method": "degree_u_agreement",
  "best_cid": 0.6334099500828222,
  "second_best_method": "spectral_u_agreement",
  "second_best_cid": 0.627896095733909,
  "var_best": 7.854124515798264e-06,
  "var_second_best": 7.708356412579015e-06,
  "cov": 7.676453738915324e-06
}