{"model": "Llama-2-7b-chat-hf", "dataset": "nq-open", "metric": "meteor", "temperature": 0.6, "ecc_u_agreement_sd": 4.707839130085063e-06, "ecc_u_agreement_cid": 0.5881014978483166, "degree_u_agreement_sd": 6.675247208859367e-06, "degree_u_agreement_cid": 0.6297315074004102, "spectral_u_agreement_sd": 6.686541665602904e-06, "spectral_u_agreement_cid": 0.6309561750648236, "unnormalized_nll_all_sd": 6.763210443046143e-06, "unnormalized_nll_all_cid": 0.5403290436441377, "entropy_unnormalized_sd": 6.9868313546005885e-06, "entropy_unnormalized_cid": 0.6430161775324504}