{"model": "Llama-2-7b-chat-hf", "dataset": "nq-open", "metric": "rouge", "temperature": 0.6, "ecc_u_agreement_sd": 5.687930888321958e-06, "ecc_u_agreement_cid": 0.6025231574424619, "degree_u_agreement_sd": 7.94898625358559e-06, "degree_u_agreement_cid": 0.6527896038028276, "spectral_u_agreement_sd": 7.966647580366267e-06, "spectral_u_agreement_cid": 0.6549373574608477, "unnormalized_nll_all_sd": 7.35874904046407e-06, "unnormalized_nll_all_cid": 0.5462239001497805, "entropy_unnormalized_sd": 7.71264432548222e-06, "entropy_unnormalized_cid": 0.6543238068403716}