{"model": "Llama-2-7b-hf", "dataset": "squad", "metric": "rouge", "temperature": 0.6, "ecc_u_agreement_sd": 1.5433068417796144e-07, "ecc_u_agreement_cma": 0.4969989479577144, "degree_u_agreement_sd": 5.679486677548626e-06, "degree_u_agreement_cma": 0.4525002679075529, "spectral_u_agreement_sd": 5.671978603932837e-06, "spectral_u_agreement_cma": 0.4519761006693151, "unnormalized_nll_all_sd": 5.931260814055266e-06, "unnormalized_nll_all_cma": 0.42575096300953075, "entropy_unnormalized_sd": 6.104230508185709e-06, "entropy_unnormalized_cma": 0.45462565488166057}