{"model": "Llama-2-7b-chat-hf", "dataset": "squad", "metric": "bert_similarity", "temperature": 0.6, "ecc_u_agreement_sd": 5.752010615683837e-07, "ecc_u_agreement_cid": 0.5316636081362633, "degree_u_agreement_sd": 1.014145584812984e-06, "degree_u_agreement_cid": 0.5524095608744543, "spectral_u_agreement_sd": 1.0062074834226169e-06, "spectral_u_agreement_cid": 0.5562299013706803, "unnormalized_nll_all_sd": 1.1207514727180284e-06, "unnormalized_nll_all_cid": 0.5774509287853774, "entropy_unnormalized_sd": 1.146627431870166e-06, "entropy_unnormalized_cid": 0.5583530624922025}