{
  "best_method": "spectral_u_agreement",
  "best_cma": 0.6861466944077944,
  "second_best_method": "degree_u_agreement",
  "second_best_cma": 0.6842759957517677,
  "var_best": 5.470872979585967e-06,
  "var_second_best": 5.510040250736502e-06,
  "cov": 5.368945309758614e-06
}