{"model": "Llama-2-7b-hf", "dataset": "nq-open", "metric": "rouge", "temperature": 0.6, "ecc_u_agreement_sd": 1.7551858615283173e-06, "ecc_u_agreement_cid": 0.5255508648814451, "degree_u_agreement_sd": 7.861934568672689e-06, "degree_u_agreement_cid": 0.6334067839711605, "spectral_u_agreement_sd": 7.713900758199126e-06, "spectral_u_agreement_cid": 0.627843079884181, "unnormalized_nll_all_sd": 7.061603300968387e-06, "unnormalized_nll_all_cid": 0.52366276852953, "entropy_unnormalized_sd": 6.905909303694689e-06, "entropy_unnormalized_cid": 0.5656945592086849}