{
  "best_method": "degree_u_agreement",
  "best_cma": 0.6999565601999411,
  "second_best_method": "spectral_u_agreement",
  "second_best_cma": 0.6941325466882567,
  "var_best": 1.769955198121662e-06,
  "var_second_best": 1.7906523694236185e-06,
  "cov": 1.755577362335636e-06
}