{"model": "Llama-2-7b-hf", "dataset": "nq-open", "metric": "bert_similarity", "temperature": 0.6, "ecc_u_agreement_sd": 1.3910434567813686e-06, "ecc_u_agreement_cma": 0.5264543672581693, "degree_u_agreement_sd": 5.846599925556312e-06, "degree_u_agreement_cma": 0.6534405229160205, "spectral_u_agreement_sd": 5.849477926844818e-06, "spectral_u_agreement_cma": 0.6504218392094754, "unnormalized_nll_all_sd": 6.670692872866886e-06, "unnormalized_nll_all_cma": 0.5445306076858311, "entropy_unnormalized_sd": 6.727771903229564e-06, "entropy_unnormalized_cma": 0.5649418990511911}