{"model": "Llama-2-7b-hf", "dataset": "nq-open", "metric": "rouge1", "temperature": 0.6, "ecc_u_agreement_sd": 1.7506500138777953e-06, "ecc_u_agreement_cid": 0.5254739777852129, "degree_u_agreement_sd": 7.854124515798271e-06, "degree_u_agreement_cid": 0.6334099500828222, "spectral_u_agreement_sd": 7.708356412579005e-06, "spectral_u_agreement_cid": 0.627896095733909, "unnormalized_nll_all_sd": 7.059990914630327e-06, "unnormalized_nll_all_cid": 0.5235716916973486, "entropy_unnormalized_sd": 6.89451689411962e-06, "entropy_unnormalized_cid": 0.5655199166552506}