{"model": "Llama-2-7b-chat-hf", "dataset": "triviaqa", "metric": "meteor", "temperature": 0.6, "ecc_u_agreement_sd": 1.5068051859125164e-06, "ecc_u_agreement_cma": 0.669993993765674, "degree_u_agreement_sd": 1.513836097717087e-06, "degree_u_agreement_cma": 0.7061351955890409, "spectral_u_agreement_sd": 1.5295089775316101e-06, "spectral_u_agreement_cma": 0.7039940454334451, "unnormalized_nll_all_sd": 1.6948272522824027e-06, "unnormalized_nll_all_cma": 0.6709972427846723, "entropy_unnormalized_sd": 1.633062291196325e-06, "entropy_unnormalized_cma": 0.7116586161625758}