{"model": "Llama-2-7b-chat-hf", "dataset": "triviaqa", "metric": "meteor", "temperature": 0.6, "ecc_u_agreement_sd": 8.984515034505046e-07, "ecc_u_agreement_cid": 0.6311918924845895, "degree_u_agreement_sd": 9.391031630727892e-07, "degree_u_agreement_cid": 0.6580434229005258, "spectral_u_agreement_sd": 9.473236659588887e-07, "spectral_u_agreement_cid": 0.6564252721855997, "unnormalized_nll_all_sd": 9.9776323183216e-07, "unnormalized_nll_all_cid": 0.6285490644073177, "entropy_unnormalized_sd": 1.007551765822188e-06, "entropy_unnormalized_cid": 0.6623309718898239}