{"model": "Llama-2-7b-chat-hf", "dataset": "triviaqa", "metric": "rouge1", "temperature": 0.6, "ecc_u_agreement_sd": 1.0839032209091282e-06, "ecc_u_agreement_cid": 0.6861606620724692, "degree_u_agreement_sd": 1.1137367196581447e-06, "degree_u_agreement_cid": 0.7247866072357145, "spectral_u_agreement_sd": 1.1249462247162472e-06, "spectral_u_agreement_cid": 0.7231900168341183, "unnormalized_nll_all_sd": 1.2107767575663059e-06, "unnormalized_nll_all_cid": 0.7101313547943271, "entropy_unnormalized_sd": 1.2907839032545327e-06, "entropy_unnormalized_cid": 0.7386353971249409}