{"model": "Llama-2-7b-chat-hf", "dataset": "squad", "metric": "meteor", "temperature": 0.6, "ecc_u_agreement_sd": 2.345575772017838e-06, "ecc_u_agreement_cid": 0.4939320780304267, "degree_u_agreement_sd": 4.635600160305584e-06, "degree_u_agreement_cid": 0.43916791061731814, "spectral_u_agreement_sd": 4.631993608034054e-06, "spectral_u_agreement_cid": 0.4423834034972981, "unnormalized_nll_all_sd": 4.931976080361064e-06, "unnormalized_nll_all_cid": 0.547853948931298, "entropy_unnormalized_sd": 4.8622290226267504e-06, "entropy_unnormalized_cid": 0.5173932534126074}