{"model": "Llama-2-7b-hf", "dataset": "squad", "metric": "rouge", "temperature": 0.6, "ecc_u_agreement_sd": 1.3484916454768677e-07, "ecc_u_agreement_cid": 0.49720852519781683, "degree_u_agreement_sd": 5.160036674216873e-06, "degree_u_agreement_cid": 0.4558806686276406, "spectral_u_agreement_sd": 5.162003641734591e-06, "spectral_u_agreement_cid": 0.4553910463225713, "unnormalized_nll_all_sd": 5.806440775696989e-06, "unnormalized_nll_all_cid": 0.43151323582887247, "entropy_unnormalized_sd": 5.574020805778544e-06, "entropy_unnormalized_cid": 0.4577359584187422}