{"model": "Llama-2-7b-chat-hf", "dataset": "triviaqa", "metric": "rouge1", "temperature": 0.6, "ecc_u_agreement_sd": 1.4864057921628748e-06, "ecc_u_agreement_cma": 0.7210361272231653, "degree_u_agreement_sd": 1.4035143055538652e-06, "degree_u_agreement_cma": 0.76481191593031, "spectral_u_agreement_sd": 1.415197133348617e-06, "spectral_u_agreement_cma": 0.7629378221615168, "unnormalized_nll_all_sd": 1.6029132316578024e-06, "unnormalized_nll_all_cma": 0.7496064947746977, "entropy_unnormalized_sd": 1.564124324254358e-06, "entropy_unnormalized_cma": 0.7770126666766644}