{"model": "Llama-2-7b-chat-hf", "dataset": "squad", "metric": "rouge1", "temperature": 0.6, "ecc_u_agreement_sd": 3.038519416733393e-06, "ecc_u_agreement_cma": 0.4750584123160514, "degree_u_agreement_sd": 6.022035936618221e-06, "degree_u_agreement_cma": 0.42334406159154, "spectral_u_agreement_sd": 6.067746035231988e-06, "spectral_u_agreement_cma": 0.42873814415331024, "unnormalized_nll_all_sd": 6.264314453275559e-06, "unnormalized_nll_all_cma": 0.558418922500228, "entropy_unnormalized_sd": 6.589140022297435e-06, "entropy_unnormalized_cma": 0.5133851666263}