{
  "best_method": "entropy_unnormalized",
  "best_cma": 0.7770126666766644,
  "second_best_method": "degree_u_agreement",
  "second_best_cma": 0.76481191593031,
  "var_best": 1.564124324254358e-06,
  "var_second_best": 1.4035143055538652e-06,
  "cov": 1.1768291065625673e-06
}