{"model": "Llama-2-7b-chat-hf", "dataset": "triviaqa", "metric": "bert_similarity", "temperature": 0.6, "ecc_u_agreement_sd": 1.1190889090625654e-06, "ecc_u_agreement_cma": 0.718508333346537, "degree_u_agreement_sd": 1.0640869024190463e-06, "degree_u_agreement_cma": 0.7686665909964234, "spectral_u_agreement_sd": 1.0827004299198231e-06, "spectral_u_agreement_cma": 0.7674534334214945, "unnormalized_nll_all_sd": 1.1430018302978822e-06, "unnormalized_nll_all_cma": 0.7671610991039629, "entropy_unnormalized_sd": 1.1629150269310315e-06, "entropy_unnormalized_cma": 0.7747933115307586}