{"model": "Llama-2-7b-hf", "dataset": "triviaqa", "metric": "rouge", "temperature": 0.6, "ecc_u_agreement_sd": 2.1636480692911055e-07, "ecc_u_agreement_cid": 0.5205185573445719, "degree_u_agreement_sd": 1.1081114902168614e-06, "degree_u_agreement_cid": 0.6518351135929171, "spectral_u_agreement_sd": 1.1135558545606661e-06, "spectral_u_agreement_cid": 0.6472223602323475, "unnormalized_nll_all_sd": 1.3971968726016789e-06, "unnormalized_nll_all_cid": 0.534429097518224, "entropy_unnormalized_sd": 1.0752146161464537e-06, "entropy_unnormalized_cid": 0.6284475636372795}