{"model": "Llama-2-7b-hf", "dataset": "squad", "metric": "rouge1", "temperature": 0.6, "ecc_u_agreement_sd": 1.3468770322458613e-07, "ecc_u_agreement_cid": 0.4972063355327193, "degree_u_agreement_sd": 5.15819408434066e-06, "degree_u_agreement_cid": 0.4558245068922894, "spectral_u_agreement_sd": 5.160227800653266e-06, "spectral_u_agreement_cid": 0.4553352116704891, "unnormalized_nll_all_sd": 5.810009179555387e-06, "unnormalized_nll_all_cid": 0.43136457763669683, "entropy_unnormalized_sd": 5.5752563686985395e-06, "entropy_unnormalized_cid": 0.45769014357488236}