{"model": "Llama-2-7b-chat-hf", "dataset": "nq-open", "metric": "rouge1", "temperature": 0.6, "ecc_u_agreement_sd": 6.313970894850131e-06, "ecc_u_agreement_cma": 0.6201477389276031, "degree_u_agreement_sd": 7.332692015335598e-06, "degree_u_agreement_cma": 0.6772341130902855, "spectral_u_agreement_sd": 7.277198953053746e-06, "spectral_u_agreement_cma": 0.6796616434171693, "unnormalized_nll_all_sd": 9.666718140469978e-06, "unnormalized_nll_all_cma": 0.5540009994489524, "entropy_unnormalized_sd": 7.409792477019612e-06, "entropy_unnormalized_cma": 0.6801568234069395}