{
  "best_method": "entropy_unnormalized",
  "best_cma": 0.6715946458045942,
  "second_best_method": "spectral_u_agreement",
  "second_best_cma": 0.6576138908046627,
  "var_best": 7.454517946264164e-06,
  "var_second_best": 7.437142591837941e-06,
  "cov": 4.443456603649211e-06
}