{
  "best_method": "degree_u_agreement",
  "best_cma": 0.7181095354321587,
  "second_best_method": "spectral_u_agreement",
  "second_best_cma": 0.7149409021301735,
  "var_best": 1.5135780094044036e-06,
  "var_second_best": 1.5044033422365767e-06,
  "cov": 1.4869690670756585e-06
}