{"model": "Llama-2-7b-hf", "dataset": "triviaqa", "metric": "rouge1", "temperature": 0.6, "ecc_u_agreement_sd": 3.893074027695839e-07, "ecc_u_agreement_cma": 0.5276520760288298, "degree_u_agreement_sd": 1.7680336702044174e-06, "degree_u_agreement_cma": 0.7002391281182049, "spectral_u_agreement_sd": 1.7892523816198692e-06, "spectral_u_agreement_cma": 0.6943571064266089, "unnormalized_nll_all_sd": 2.4281445307357083e-06, "unnormalized_nll_all_cma": 0.5463199808309525, "entropy_unnormalized_sd": 1.8705326618379787e-06, "entropy_unnormalized_cma": 0.6721655317258358}