{"model": "Llama-2-7b-chat-hf", "dataset": "squad", "metric": "meteor", "temperature": 0.6, "ecc_u_agreement_sd": 2.8407578167788687e-06, "ecc_u_agreement_cma": 0.4932922450053176, "degree_u_agreement_sd": 5.400391640995897e-06, "degree_u_agreement_cma": 0.43341945820383265, "spectral_u_agreement_sd": 5.4350904270646896e-06, "spectral_u_agreement_cma": 0.437010519422129, "unnormalized_nll_all_sd": 5.428457021811865e-06, "unnormalized_nll_all_cma": 0.5527876571767921, "entropy_unnormalized_sd": 5.765832458372246e-06, "entropy_unnormalized_cma": 0.5200600543394488}