{
  "best_method": "degree_u_agreement",
  "best_cma": 0.6557368793743245,
  "second_best_method": "spectral_u_agreement",
  "second_best_cma": 0.64923895538952,
  "var_best": 8.096963120551629e-06,
  "var_second_best": 8.110951181178796e-06,
  "cov": 7.962284570258104e-06
}