{"model": "Llama-2-7b-hf", "dataset": "squad", "metric": "meteor", "temperature": 0.6, "ecc_u_agreement_sd": 2.475740390099981e-07, "ecc_u_agreement_cid": 0.503187171750848, "degree_u_agreement_sd": 4.23334795975077e-06, "degree_u_agreement_cid": 0.46124027208568164, "spectral_u_agreement_sd": 4.241359261312649e-06, "spectral_u_agreement_cid": 0.4610228557028563, "unnormalized_nll_all_sd": 4.606070336766393e-06, "unnormalized_nll_all_cid": 0.41945232260893633, "entropy_unnormalized_sd": 4.3822826362196455e-06, "entropy_unnormalized_cid": 0.44754924410381985}