{"model": "Llama-2-7b-chat-hf", "dataset": "nq-open", "metric": "meteor", "temperature": 0.6, "ecc_u_agreement_sd": 5.896010050973162e-06, "ecc_u_agreement_cma": 0.6060233602779896, "degree_u_agreement_sd": 7.444755384856158e-06, "degree_u_agreement_cma": 0.6560397537405103, "spectral_u_agreement_sd": 7.437142591837941e-06, "spectral_u_agreement_cma": 0.6576138908046627, "unnormalized_nll_all_sd": 9.452264583031891e-06, "unnormalized_nll_all_cma": 0.5485425342987608, "entropy_unnormalized_sd": 7.454517946264164e-06, "entropy_unnormalized_cma": 0.6715946458045942}