{"model": "Llama-2-7b-chat-hf", "dataset": "triviaqa", "metric": "rouge", "temperature": 0.6, "ecc_u_agreement_sd": 1.4833939736740228e-06, "ecc_u_agreement_cma": 0.7211609671849266, "degree_u_agreement_sd": 1.4000360892712793e-06, "degree_u_agreement_cma": 0.7648651123006662, "spectral_u_agreement_sd": 1.4122978609962874e-06, "spectral_u_agreement_cma": 0.7629500113523977, "unnormalized_nll_all_sd": 1.599304828133201e-06, "unnormalized_nll_all_cma": 0.7499136043184125, "entropy_unnormalized_sd": 1.5611148802301835e-06, "entropy_unnormalized_cma": 0.7771758336840032}