{"model": "Llama-2-7b-hf", "dataset": "nq-open", "metric": "rouge", "temperature": 0.6, "ecc_u_agreement_sd": 2.333150435832694e-06, "ecc_u_agreement_cma": 0.5301040893300946, "degree_u_agreement_sd": 8.096963120551629e-06, "degree_u_agreement_cma": 0.6557368793743245, "spectral_u_agreement_sd": 8.110951181178796e-06, "spectral_u_agreement_cma": 0.64923895538952, "unnormalized_nll_all_sd": 9.614836669330797e-06, "unnormalized_nll_all_cma": 0.5278444336499009, "entropy_unnormalized_sd": 9.027093363163588e-06, "entropy_unnormalized_cma": 0.578299513535702}