{"model": "Llama-2-7b-hf", "dataset": "triviaqa", "metric": "meteor", "temperature": 0.6, "ecc_u_agreement_sd": 1.351290230356315e-07, "ecc_u_agreement_cid": 0.5106690205844946, "degree_u_agreement_sd": 1.0133485975323955e-06, "degree_u_agreement_cid": 0.598274716944869, "spectral_u_agreement_sd": 1.020801178952868e-06, "spectral_u_agreement_cid": 0.5934021874040629, "unnormalized_nll_all_sd": 1.1717271925848086e-06, "unnormalized_nll_all_cid": 0.5203930927956604, "entropy_unnormalized_sd": 9.622639131746253e-07, "entropy_unnormalized_cid": 0.6082413120556897}