{
  "best_method": "ecc_u_agreement",
  "best_cma": 0.4969989479577144,
  "second_best_method": "entropy_unnormalized",
  "second_best_cma": 0.45462565488166057,
  "var_best": 1.5433068417796144e-07,
  "var_second_best": 6.104230508185709e-06,
  "cov": 1.2296512402588632e-07
}