{
  "best_method": "ecc_u_agreement",
  "best_cid": 0.503187171750848,
  "second_best_method": "degree_u_agreement",
  "second_best_cid": 0.46124027208568164,
  "var_best": 2.475740390099988e-07,
  "var_second_best": 4.233347959750768e-06,
  "cov": 2.2718874751764618e-07
}