{"model": "Llama-2-7b-hf", "dataset": "triviaqa", "metric": "rouge", "temperature": 0.6, "ecc_u_agreement_sd": 3.895675149018508e-07, "ecc_u_agreement_cma": 0.5276387105751353, "degree_u_agreement_sd": 1.769955198121662e-06, "degree_u_agreement_cma": 0.6999565601999411, "spectral_u_agreement_sd": 1.7906523694236185e-06, "spectral_u_agreement_cma": 0.6941325466882567, "unnormalized_nll_all_sd": 2.4254987457926444e-06, "unnormalized_nll_all_cma": 0.5465907048947058, "entropy_unnormalized_sd": 1.8713208639218236e-06, "entropy_unnormalized_cma": 0.6717078103702887}