{"model": "Llama-2-7b-chat-hf", "dataset": "squad", "metric": "rouge", "temperature": 0.6, "ecc_u_agreement_sd": 3.0400160013472785e-06, "ecc_u_agreement_cma": 0.4750880188003522, "degree_u_agreement_sd": 6.0223338992727355e-06, "degree_u_agreement_cma": 0.4234523241966556, "spectral_u_agreement_sd": 6.067020077856456e-06, "spectral_u_agreement_cma": 0.4288464944282407, "unnormalized_nll_all_sd": 6.2647146355398e-06, "unnormalized_nll_all_cma": 0.5585553023555008, "entropy_unnormalized_sd": 6.590167267242575e-06, "entropy_unnormalized_cma": 0.5134871370840217}