{"model": "Llama-2-7b-hf", "dataset": "triviaqa", "metric": "bert_similarity", "temperature": 0.6, "ecc_u_agreement_sd": 1.5680262566159273e-07, "ecc_u_agreement_cid": 0.5208780620908988, "degree_u_agreement_sd": 7.77182176663572e-07, "degree_u_agreement_cid": 0.6496118360743647, "spectral_u_agreement_sd": 7.663444749410544e-07, "spectral_u_agreement_cid": 0.6469454514697063, "unnormalized_nll_all_sd": 9.845174361888259e-07, "unnormalized_nll_all_cid": 0.5390301310166453, "entropy_unnormalized_sd": 8.924191714582675e-07, "entropy_unnormalized_cid": 0.5984044001516794}