{
  "best_method": "entropy_unnormalized",
  "best_cid": 0.6623309718898239,
  "second_best_method": "degree_u_agreement",
  "second_best_cid": 0.6580434229005258,
  "var_best": 1.0075517658221877e-06,
  "var_second_best": 9.391031630727904e-07,
  "cov": 7.615309660644282e-07
}