{"model": "Llama-2-7b-hf", "dataset": "nq-open", "metric": "meteor", "temperature": 0.6, "ecc_u_agreement_sd": 1.8126297290938254e-06, "ecc_u_agreement_cma": 0.5220394025094897, "degree_u_agreement_sd": 7.973431786940066e-06, "degree_u_agreement_cma": 0.6328710041474938, "spectral_u_agreement_sd": 7.958719136885738e-06, "spectral_u_agreement_cma": 0.6262699512957299, "unnormalized_nll_all_sd": 9.255888689863837e-06, "unnormalized_nll_all_cma": 0.5213630488901811, "entropy_unnormalized_sd": 8.873475998682276e-06, "entropy_unnormalized_cma": 0.5652135251698692}