{"model": "Llama-2-7b-hf", "dataset": "squad", "metric": "bert_similarity", "temperature": 0.6, "ecc_u_agreement_sd": 1.3844421631978533e-07, "ecc_u_agreement_cma": 0.5104736847840656, "degree_u_agreement_sd": 1.971785993515184e-06, "degree_u_agreement_cma": 0.6244381632703553, "spectral_u_agreement_sd": 1.955069818593489e-06, "spectral_u_agreement_cma": 0.6262425915597554, "unnormalized_nll_all_sd": 2.170647369144592e-06, "unnormalized_nll_all_cma": 0.6054759577020008, "entropy_unnormalized_sd": 2.3815699249253123e-06, "entropy_unnormalized_cma": 0.5302454266958573}